run_id,model,setting,accuracy,AA1,AA2,AA3,AA4,AI1,AI2,AI3,AI4,AO1,AO2,AO3,AO4,AE1,AE2,AE3,AE4,IA1,IA2,IA3,IA4,OA1,OA2,OA3,OA4,EA1,EA2,EA3,EA4,correct
1,pythia-1.4b,icl-out,0.225,0.5,0.5,0.0,0.1,0.1,0.2,0.2,0.2,0.0,0.0,0.1,0.1,0.8,0.1,0.8,0.1,0.5,0.0,0.1,0.5,0.0,0.3,0.3,0.0,0.0,0.5,0.3,0.0,0|1|0|1|0|0|0|0|0|0|1|0|0|0|1|0|1|0|0|1|0|0|1|0|0|0|1|0|0|1|0|0|0|0|0|0|0|0|0|0|1|0|1|1|0|0|0|0|0|1|0|0|0|1|1|0|0|0|0|0|1|1|1|1|0|0|0|0|1|0|1|0|0|0|0|1|0|1|0|0|0|0|0|0|0|0|0|0|0|0|0|0|0|0|0|0|1|0|0|0|0|0|0|1|0|0|1|0|0|0|0|0|1|0|0|0|0|0|1|0|0|0|0|0|1|0|1|0|0|0|0|0|0|0|0|0|0|0|0|0|1|0|0|0|0|1|0|1|0|0|0|0|1|0|1|0|0|0|1|1|0|0|0|0|0|1|0|0|0|0|0|0|0|0|0|0|0|0|0|0|1|1|1|0|1|0|0|0|0|0|1|0|0|1|1|0|1|1|0|0|0|0|0|0|0|0|0|0|0|0|1|0|1|0|0|1|0|1|0|0|0|1|0|0|1|1|0|0|0|0|0|0|0|0|0|0|1|0|0|0|1|0|0|0|0|0|0|0|0|1|0|0|1|1|0|0|0|0|0|0|0|0|0|1|1|0|1|0|1|0|0|0|0|0|0|0|0|0|0|0
1,pythia-1.4b,sft,0.9071428571428573,1.0,0.9,1.0,1.0,0.0,1.0,1.0,1.0,1.0,0.7,1.0,0.9,1.0,1.0,1.0,1.0,1.0,1.0,1.0,1.0,0.2,1.0,0.8,1.0,1.0,1.0,1.0,0.9,1|1|1|1|0|1|1|1|1|1|1|1|1|1|1|1|1|1|1|1|0|1|1|1|1|1|1|1|1|1|1|1|0|1|1|1|1|0|1|1|1|1|1|1|1|1|1|1|0|1|1|1|1|1|1|1|1|1|1|1|0|1|1|1|1|1|1|1|1|1|1|1|1|1|1|1|0|1|1|1|1|1|1|1|1|0|1|1|0|1|1|1|1|1|1|1|1|1|1|1|1|1|1|1|0|1|1|1|1|1|1|1|1|1|1|1|0|1|1|1|1|0|1|1|1|1|1|1|1|1|1|1|0|1|0|1|1|1|1|1|1|1|1|1|0|1|1|1|1|0|1|1|1|1|1|1|1|1|1|1|0|1|1|1|1|1|1|0|1|1|1|1|0|1|1|1|1|1|1|0|1|1|1|1|1|1|1|1|1|1|1|1|1|1|1|1|1|1|1|1|0|1|1|1|1|1|1|1|1|1|1|1|1|1|1|1|1|1|1|1|1|1|1|1|1|1|1|1|0|1|1|1|1|1|1|1|1|1|1|1|1|1|1|1|0|1|0|1|1|1|1|1|1|1|1|1|0|1|1|1|1|1|1|1|1|1|1|1|1|1|1|1|0|1|1|1|1|1|1|1
1,llama-3-8b,icl-out,0.4107142857142857,0.9,0.5,0.0,0.8,0.0,0.6,0.0,0.9,0.0,0.0,0.7,0.6,0.6,0.2,0.7,0.5,1.0,0.0,0.0,0.9,0.0,0.0,0.4,0.4,0.8,0.6,0.4,0.0,1|0|0|1|0|0|0|1|0|0|1|0|1|0|0|1|1|0|0|1|0|0|0|0|1|0|1|0|1|1|0|1|0|1|0|1|0|0|1|1|0|0|1|0|1|0|0|1|0|0|1|1|0|0|0|0|1|1|0|1|0|0|0|0|0|0|0|0|1|0|0|1|1|0|0|1|0|0|0|0|1|1|1|0|0|0|0|1|0|1|0|1|0|0|1|1|1|0|1|0|1|0|0|1|0|0|1|1|1|1|0|0|1|1|0|1|0|0|0|1|0|0|0|1|0|0|1|1|1|0|0|1|0|0|0|0|1|0|1|0|1|0|0|1|0|1|0|1|0|0|1|1|1|0|0|0|1|0|0|1|0|0|1|0|1|1|1|0|1|1|0|1|0|1|0|1|0|0|1|1|0|0|1|1|1|0|0|1|0|0|0|0|1|1|0|0|1|0|0|0|0|1|0|1|0|0|1|1|1|1|1|1|1|0|0|1|0|0|1|0|1|1|0|0|1|1|0|0|0|1|0|1|0|0|0|0|1|1|1|0|1|0|0|0|0|0|0|1|1|1|0|0|1|0|0|1|0|0|0|1|0|0|1|0|0|0|1|0|1|0|0|1|0|0|0|1|0|0|0|0
1,llama-3-8b,sft,1.0,1.0,1.0,1.0,1.0,1.0,1.0,1.0,1.0,1.0,1.0,1.0,1.0,1.0,1.0,1.0,1.0,1.0,1.0,1.0,1.0,1.0,1.0,1.0,1.0,1.0,1.0,1.0,1.0,1|1|1|1|1|1|1|1|1|1|1|1|1|1|1|1|1|1|1|1|1|1|1|1|1|1|1|1|1|1|1|1|1|1|1|1|1|1|1|1|1|1|1|1|1|1|1|1|1|1|1|1|1|1|1|1|1|1|1|1|1|1|1|1|1|1|1|1|1|1|1|1|1|1|1|1|1|1|1|1|1|1|1|1|1|1|1|1|1|1|1|1|1|1|1|1|1|1|1|1|1|1|1|1|1|1|1|1|1|1|1|1|1|1|1|1|1|1|1|1|1|1|1|1|1|1|1|1|1|1|1|1|1|1|1|1|1|1|1|1|1|1|1|1|1|1|1|1|1|1|1|1|1|1|1|1|1|1|1|1|1|1|1|1|1|1|1|1|1|1|1|1|1|1|1|1|1|1|1|1|1|1|1|1|1|1|1|1|1|1|1|1|1|1|1|1|1|1|1|1|1|1|1|1|1|1|1|1|1|1|1|1|1|1|1|1|1|1|1|1|1|1|1|1|1|1|1|1|1|1|1|1|1|1|1|1|1|1|1|1|1|1|1|1|1|1|1|1|1|1|1|1|1|1|1|1|1|1|1|1|1|1|1|1|1|1|1|1|1|1|1|1|1|1|1|1|1|1|1|1
2,pythia-1.4b,icl-out,0.2392857142857143,0.5,0.5,0.0,0.5,0.0,0.3,0.2,0.1,0.0,0.0,0.3,0.1,0.7,0.0,0.7,0.1,0.6,0.0,0.0,0.3,0.1,0.4,0.3,0.0,0.1,0.5,0.4,0.0,0|1|0|1|0|0|1|1|0|0|1|0|0|0|0|0|1|0|0|0|0|0|1|0|0|0|1|0|0|0|0|0|0|0|0|0|0|0|0|0|0|0|1|1|0|0|0|0|0|0|0|0|0|1|1|0|0|0|0|0|0|0|0|0|0|0|0|1|1|0|1|0|0|0|0|0|1|0|0|0|0|0|0|0|1|0|0|0|0|0|0|0|0|0|1|0|1|0|0|0|1|0|0|1|0|0|1|0|0|0|0|0|1|1|0|1|0|0|0|0|0|0|1|0|1|0|1|0|1|0|0|0|0|0|0|0|1|0|1|0|0|0|0|1|0|0|1|0|0|0|0|0|1|0|1|0|1|0|0|1|0|1|0|0|0|1|0|0|1|1|0|0|0|0|0|0|0|0|0|0|1|0|0|0|0|0|0|0|0|1|1|0|0|1|1|0|0|0|0|1|0|1|0|0|0|0|0|0|0|0|1|0|0|0|0|1|0|0|0|0|0|1|0|0|1|1|0|1|0|1|0|0|0|0|0|0|1|0|1|0|1|0|0|0|0|1|0|0|0|1|0|0|1|1|0|0|0|1|0|0|0|0|0|0|1|0|1|0|1|0|0|0|0|1|0|0|0|0|0|0
2,pythia-1.4b,sft,0.6785714285714286,1.0,1.0,0.1,0.9,0.0,1.0,0.6,1.0,0.6,0.3,0.2,0.7,1.0,1.0,1.0,0.9,1.0,0.4,0.4,0.9,0.0,0.6,0.0,0.7,1.0,1.0,1.0,0.7,1|1|0|1|0|1|1|1|1|0|0|1|1|1|1|1|1|0|0|1|0|1|0|0|1|1|1|1|1|1|0|1|0|1|1|1|1|0|0|1|1|1|1|1|1|0|0|1|0|1|0|1|1|1|1|0|1|1|0|1|0|1|0|1|1|1|0|0|1|1|1|0|1|1|0|1|0|0|0|1|1|1|1|1|1|1|0|1|0|1|0|1|0|0|0|0|1|1|1|1|1|1|1|1|0|1|0|1|1|1|1|1|1|1|0|1|0|1|1|1|1|0|0|0|1|1|1|1|1|0|0|1|0|0|0|0|1|1|1|1|1|1|1|1|0|1|0|1|1|0|0|1|1|1|1|1|1|0|0|1|0|1|0|1|1|1|1|0|1|1|0|1|0|1|0|1|1|0|0|1|1|1|1|1|1|0|0|1|0|0|0|1|1|1|1|1|1|1|0|1|0|1|1|1|0|1|0|1|1|1|1|1|1|1|1|1|0|1|0|1|1|1|1|1|1|1|0|1|0|1|1|1|0|0|1|1|1|1|1|1|1|0|1|0|0|1|0|0|1|1|1|1|1|1|0|0|0|1|1|1|0|1|1|1|1|1|1|1|1|1|1|1|0|0|0|1|1|1|1|0
2,llama-3-8b,icl-out,0.3785714285714285,0.9,0.8,0.0,0.9,0.0,0.5,0.0,0.7,0.1,0.1,0.6,0.6,0.4,0.2,0.7,0.5,0.8,0.0,0.0,0.9,0.0,0.0,0.3,0.3,0.6,0.3,0.2,0.2,1|0|0|1|0|1|0|1|0|0|1|0|1|0|1|1|1|0|0|1|0|0|0|1|0|1|0|0|1|1|0|1|0|1|0|1|0|0|1|0|0|0|1|0|1|0|0|1|0|0|0|0|1|0|0|0|1|1|0|1|0|0|0|1|0|0|1|0|1|0|1|1|0|0|0|1|0|0|1|0|0|0|0|1|1|0|0|1|0|1|0|0|0|0|0|1|0|0|1|0|1|0|0|1|0|0|0|1|1|0|0|0|1|1|0|1|0|0|0|1|0|0|1|1|0|0|0|0|1|0|0|1|0|0|1|0|1|0|1|0|1|1|0|1|0|0|0|0|0|1|1|1|0|0|1|1|1|0|0|1|0|0|1|0|1|0|0|0|0|1|0|1|0|0|0|1|0|0|0|1|0|1|1|1|1|0|0|1|0|0|0|0|0|0|0|1|1|1|0|1|0|0|0|1|0|0|0|1|1|0|0|0|0|0|0|1|0|0|0|0|1|1|0|0|1|1|0|0|0|1|0|0|0|0|0|0|1|0|0|0|1|0|0|1|0|0|0|0|1|1|1|0|1|1|0|1|0|1|0|1|1|0|1|1|0|1|1|1|1|0|0|0|0|0|0|1|0|0|0|0
2,llama-3-8b,sft,0.9892857142857144,1.0,1.0,1.0,1.0,1.0,1.0,1.0,1.0,1.0,0.9,1.0,1.0,1.0,1.0,1.0,1.0,1.0,1.0,1.0,1.0,0.8,1.0,1.0,1.0,1.0,1.0,1.0,1.0,1|1|1|1|1|1|1|1|1|1|1|1|1|1|1|1|1|1|1|1|1|1|1|1|1|1|1|1|1|1|1|1|1|1|1|1|1|1|1|1|1|1|1|1|1|1|1|1|1|1|1|1|1|1|1|1|1|1|1|1|1|1|1|1|1|1|1|1|1|1|1|1|1|1|1|1|1|1|1|1|1|1|1|1|1|1|1|1|1|1|1|1|1|1|1|1|1|1|1|1|1|1|1|1|1|1|1|1|1|1|1|1|1|1|1|1|1|1|1|1|1|1|1|1|1|1|1|1|1|1|1|1|0|1|1|1|1|1|1|1|1|1|1|1|1|1|1|1|1|1|1|1|1|1|1|1|1|1|1|1|1|1|1|1|1|1|1|1|1|1|1|1|1|1|1|1|1|1|1|1|1|1|1|1|1|1|1|1|1|1|1|1|1|1|1|1|1|1|1|1|1|1|1|1|1|1|1|1|1|1|1|1|1|1|1|1|1|1|1|1|1|1|1|1|1|1|1|1|1|1|1|1|1|0|1|1|1|1|1|1|1|1|1|1|0|1|1|1|1|1|1|1|1|1|1|1|1|1|1|1|1|1|1|1|1|1|1|1|1|1|1|1|1|1|1|1|1|1|1|1
3,pythia-1.4b,icl-out,0.2,0.6,0.6,0.0,0.4,0.0,0.1,0.0,0.1,0.0,0.0,0.1,0.0,0.4,0.1,0.7,0.2,0.5,0.0,0.0,0.2,0.0,0.6,0.0,0.0,0.0,0.6,0.4,0.0,1|0|0|0|0|0|0|0|0|0|1|0|0|0|1|0|1|0|0|0|0|0|0|0|0|0|0|0|0|0|0|0|0|0|0|0|0|0|0|0|0|0|1|1|0|0|0|0|0|1|0|0|0|1|0|0|0|1|0|1|0|1|0|0|0|0|0|0|0|0|1|0|1|0|0|0|0|0|0|0|0|0|0|0|0|0|0|1|0|0|0|0|0|0|0|0|1|0|1|1|0|0|0|0|0|0|0|0|0|0|1|0|1|1|0|0|0|0|0|0|0|0|0|0|1|0|1|0|1|0|0|0|0|0|0|0|0|0|1|0|1|0|0|0|0|0|0|0|0|0|0|0|0|0|0|0|0|0|0|1|0|1|0|0|0|1|1|0|0|1|0|1|0|0|0|0|0|0|0|0|1|1|0|0|0|0|0|0|0|1|0|0|0|1|0|0|1|1|0|1|0|0|0|0|0|0|0|0|1|0|1|0|0|0|0|1|0|1|0|0|0|1|0|0|1|1|0|0|0|0|0|1|0|0|0|0|0|0|0|0|1|0|0|0|0|1|0|0|0|1|1|0|1|1|0|0|0|0|0|0|0|0|0|0|0|0|1|0|1|0|0|0|0|1|0|0|0|1|0|0
3,pythia-1.4b,sft,0.9142857142857144,1.0,1.0,1.0,1.0,0.4,1.0,1.0,1.0,1.0,0.8,1.0,0.9,0.9,0.9,1.0,0.9,1.0,1.0,1.0,1.0,0.6,1.0,0.9,0.8,0.8,1.0,1.0,0.7,1|1|1|1|0|1|1|1|1|1|1|0|1|1|1|1|1|1|1|1|0|1|1|1|0|1|1|1|1|1|1|1|0|1|1|1|1|1|1|1|1|1|1|1|1|1|1|1|1|1|1|1|0|1|1|0|1|1|1|1|0|1|1|1|1|0|1|1|1|1|1|1|1|1|1|1|1|1|1|1|1|1|1|1|1|1|1|1|0|1|1|1|1|0|1|1|1|1|1|1|1|1|1|1|0|1|1|1|1|1|1|1|1|1|1|1|1|1|1|1|1|1|1|1|1|1|1|1|1|1|1|1|1|1|1|1|1|1|1|1|1|1|1|1|0|1|1|1|1|1|1|1|1|0|1|1|1|1|1|1|1|1|0|1|1|1|1|0|1|1|1|1|1|1|1|1|1|1|1|1|1|1|1|0|1|1|1|1|0|1|1|1|1|1|1|1|1|1|1|1|0|1|1|1|1|1|1|1|0|1|1|1|1|1|1|1|0|1|1|0|1|1|1|1|1|1|1|1|1|1|1|1|1|1|1|1|1|1|1|1|1|1|1|1|1|1|1|1|1|1|1|0|1|1|1|1|1|1|1|1|1|1|1|1|1|1|1|1|1|1|1|1|1|1|1|0|1|1|1|1
3,llama-3-8b,icl-out,0.3892857142857143,0.8,0.9,0.0,1.0,0.0,0.5,0.0,0.9,0.0,0.0,0.7,0.8,0.4,0.1,0.8,0.6,1.0,0.0,0.0,0.9,0.0,0.0,0.2,0.4,0.5,0.3,0.0,0.1,1|1|0|1|0|0|0|1|0|0|0|1|0|0|1|1|1|0|0|1|0|0|1|0|1|0|0|0|1|1|0|1|0|1|0|1|0|0|1|1|0|0|1|1|1|0|0|1|0|0|0|1|0|0|0|0|1|1|0|1|0|0|0|1|0|0|1|1|0|0|1|1|1|0|0|1|0|0|0|0|1|1|0|1|0|0|0|1|0|1|0|1|0|0|1|1|0|0|0|0|1|0|0|1|0|0|0|1|0|0|0|0|1|1|0|1|0|0|0|1|0|0|1|1|0|0|0|0|1|0|0|1|0|0|1|0|1|0|0|0|1|1|0|1|0|1|0|1|0|0|1|1|1|0|1|0|1|0|0|0|0|0|0|0|0|0|0|0|0|1|0|1|0|0|0|1|0|0|1|1|0|0|1|1|1|0|0|1|0|0|0|0|1|1|0|0|1|1|0|1|0|0|0|1|0|0|1|1|1|0|1|1|1|0|0|1|0|0|0|0|0|0|0|0|1|1|0|1|0|1|0|1|0|0|0|0|1|0|1|0|1|0|0|1|0|0|0|1|0|0|0|0|1|1|0|1|0|1|0|0|0|0|0|0|1|1|1|1|1|0|0|1|0|0|0|1|1|1|0|0
3,llama-3-8b,sft,0.9821428571428572,1.0,1.0,1.0,1.0,1.0,1.0,1.0,1.0,1.0,0.5,1.0,1.0,1.0,1.0,1.0,1.0,1.0,1.0,1.0,1.0,1.0,1.0,1.0,1.0,1.0,1.0,1.0,1.0,1|1|1|1|1|1|1|1|1|0|1|1|1|1|1|1|1|1|1|1|1|1|1|1|1|1|1|1|1|1|1|1|1|1|1|1|1|1|1|1|1|1|1|1|1|1|1|1|1|1|1|1|1|1|1|1|1|1|1|1|1|1|1|1|1|0|1|1|1|1|1|1|1|1|1|1|1|1|1|1|1|1|1|1|1|1|1|1|1|1|1|1|1|1|1|1|1|1|1|1|1|1|1|1|1|1|1|1|1|1|1|1|1|1|1|1|1|1|1|1|1|0|1|1|1|1|1|1|1|1|1|1|1|1|1|1|1|1|1|1|1|1|1|1|1|1|1|1|1|1|1|1|1|1|1|1|1|1|1|1|1|1|1|1|1|1|1|1|1|1|1|1|1|1|1|1|1|0|1|1|1|1|1|1|1|1|1|1|1|1|1|1|1|1|1|1|1|1|1|1|1|1|1|1|1|1|1|1|1|1|1|1|1|1|1|1|1|1|1|1|1|1|1|1|1|1|1|1|1|1|1|1|1|0|1|1|1|1|1|1|1|1|1|1|1|1|1|1|1|1|1|1|1|1|1|1|1|1|1|1|1|1|1|1|1|1|1|1|1|1|1|1|1|1|1|1|1|1|1|1
1,pythia-1.4b,icl-in,0.34285714285714286,0.6,0.6,0.0,0.8,0.0,0.0,0.0,0.5,0.0,0.0,0.4,0.1,0.5,0.0,0.9,0.4,0.6,0.0,0.5,0.6,0.0,0.8,0.3,0.1,0.2,0.7,1.0,0.0,0|1|0|1|0|0|0|1|0|0|1|0|0|0|1|1|1|0|1|1|0|0|0|0|0|1|1|0|1|0|0|1|0|0|0|0|0|0|0|0|1|0|1|1|0|0|0|0|0|0|0|0|0|0|1|0|1|1|0|1|0|0|0|1|0|0|1|0|0|0|1|1|0|0|1|0|0|1|0|0|0|0|1|0|0|0|0|1|0|0|0|0|0|0|1|0|1|0|1|1|0|0|1|1|0|1|0|0|0|0|1|0|0|1|0|1|0|0|0|0|0|0|0|0|0|0|1|0|1|0|0|1|0|1|0|0|1|1|1|0|1|0|0|0|0|0|0|1|0|0|0|0|1|0|1|0|1|0|1|1|0|1|1|0|0|1|1|0|1|0|0|0|0|0|0|0|0|0|1|0|1|0|0|0|0|0|0|0|0|1|1|1|0|1|1|0|1|1|0|1|0|0|0|1|0|0|0|0|0|0|1|0|1|0|0|1|0|1|0|0|0|1|1|0|0|1|0|1|0|0|0|1|0|0|0|0|1|0|1|0|1|0|0|1|0|1|0|0|1|1|1|0|1|1|0|1|0|0|0|0|0|0|0|1|0|0|1|0|1|0|1|0|0|1|1|0|0|1|1|0
1,llama-3-8b,icl-in,0.525,1.0,1.0,0.0,1.0,0.0,1.0,0.0,1.0,0.0,0.0,0.7,0.3,1.0,0.1,0.7,0.6,1.0,0.0,0.0,1.0,0.0,0.0,0.9,0.5,0.9,1.0,0.8,0.2,1|1|0|1|0|1|0|1|0|0|1|0|1|0|1|1|1|0|0|1|0|0|1|0|1|1|1|0|1|1|0|1|0|1|0|1|0|0|1|1|1|0|1|0|1|0|0|1|0|0|1|1|0|1|1|0|1|1|0|1|0|1|0|1|0|0|1|0|1|0|1|1|1|0|0|1|0|0|1|0|1|1|1|1|1|1|0|1|0|1|0|1|0|0|0|0|1|0|1|0|1|0|0|1|0|0|1|1|1|1|0|0|1|1|0|1|0|1|0|1|0|0|1|0|1|0|0|1|1|0|0|1|0|0|1|0|1|1|1|1|1|1|0|1|0|1|0|1|0|0|1|1|1|0|0|0|1|0|0|1|0|0|1|1|1|1|1|0|1|1|0|1|0|1|0|1|0|0|1|1|1|0|0|1|1|0|0|1|0|0|1|0|1|1|1|0|1|1|0|1|0|1|0|1|0|0|0|0|1|0|1|1|1|0|0|1|0|0|0|0|1|1|1|0|1|1|0|1|0|1|0|1|0|0|1|0|1|0|1|0|1|0|0|1|0|0|1|1|1|1|1|0|1|1|0|1|0|1|0|1|0|0|0|0|1|1|1|1|1|0|0|1|0|0|1|1|1|1|0|0
2,pythia-1.4b,icl-in,0.2857142857142857,0.3,0.6,0.4,0.7,0.0,0.1,0.0,0.1,0.4,0.0,0.5,0.3,0.9,0.1,1.0,0.2,0.2,0.0,0.0,0.4,0.0,0.1,0.0,0.0,0.2,0.8,0.7,0.0,0|1|0|1|0|0|0|0|0|0|1|0|0|0|1|0|0|0|0|0|0|0|0|0|0|0|1|0|0|0|0|0|0|0|0|0|1|0|0|1|1|0|1|1|0|0|0|0|0|0|0|0|0|1|0|0|0|0|0|1|0|0|0|0|0|0|1|0|1|0|1|0|0|0|0|0|0|0|0|0|0|0|1|0|0|1|0|1|0|0|0|0|0|0|1|1|1|0|1|1|1|0|0|1|0|0|0|0|0|1|1|0|1|1|0|1|0|0|0|1|0|0|0|0|1|0|1|0|0|0|0|0|0|0|0|0|1|1|0|0|1|0|0|1|0|0|0|0|1|0|0|0|1|0|1|0|0|0|0|1|0|0|0|0|0|1|1|0|1|1|1|0|0|0|0|0|0|0|1|0|1|0|1|0|0|0|0|0|0|0|0|0|0|1|1|0|0|1|1|0|0|0|0|0|0|0|0|0|1|1|1|0|1|0|0|1|0|1|0|0|0|1|0|0|0|1|1|1|0|1|0|0|1|0|1|0|1|0|1|0|0|0|0|1|0|0|0|0|1|1|1|0|0|0|1|1|0|0|0|0|1|0|0|1|1|0|1|0|0|0|0|0|0|0|0|0|0|1|1|0
2,llama-3-8b,icl-in,0.5428571428571428,1.0,1.0,0.0,1.0,0.0,1.0,0.0,1.0,0.1,0.0,0.9,0.9,1.0,0.0,0.9,0.5,1.0,0.0,0.0,1.0,0.0,0.0,0.8,0.4,1.0,1.0,0.4,0.3,1|1|0|1|0|1|0|1|1|0|1|1|1|0|0|0|1|0|0|1|0|0|1|0|1|1|1|0|1|1|0|1|0|1|0|1|0|0|1|1|1|0|1|0|1|0|0|1|0|0|1|1|1|1|1|0|1|1|0|1|0|1|0|1|0|0|1|1|1|0|1|1|1|0|0|1|0|0|1|0|1|1|1|1|1|1|0|1|0|1|0|1|0|0|1|1|1|0|1|0|1|0|0|1|0|0|1|1|1|1|0|1|1|1|0|1|0|1|0|1|0|0|1|1|1|0|1|1|1|0|0|1|0|0|1|0|1|1|1|1|1|1|0|1|0|1|0|1|0|0|1|1|1|0|1|0|1|0|0|1|0|0|1|0|1|1|0|0|1|1|0|1|0|1|0|1|0|0|1|1|1|0|1|1|1|0|0|1|0|0|1|0|1|1|0|0|1|1|0|1|0|1|0|1|0|0|1|1|1|0|1|1|1|0|0|1|0|0|0|0|1|1|0|0|1|1|0|1|0|1|0|1|0|0|0|1|1|0|1|0|1|0|0|1|0|0|1|1|1|1|0|0|1|1|0|1|0|1|0|1|0|0|1|0|1|0|1|1|1|0|0|1|0|0|0|1|1|1|0|0
3,pythia-1.4b,icl-in,0.29285714285714287,0.4,0.8,0.0,0.5,0.0,0.9,0.0,0.3,0.0,0.0,0.1,0.2,0.9,0.3,0.5,0.0,0.6,0.0,0.0,0.3,0.0,0.8,0.0,0.0,0.3,0.7,0.6,0.0,1|1|0|1|0|1|0|0|0|0|1|0|1|0|1|0|0|0|0|0|0|0|0|0|0|1|0|0|1|1|0|1|0|1|0|0|0|0|0|0|1|0|1|0|1|0|0|0|0|0|0|0|0|1|1|0|1|1|0|0|0|0|0|1|0|0|0|0|1|0|1|0|1|0|0|0|0|1|0|0|0|0|0|0|0|1|0|1|0|1|0|0|0|0|0|1|1|1|0|0|1|0|0|0|0|1|0|0|0|0|1|0|0|1|0|0|0|1|0|0|0|0|0|0|1|0|0|0|1|0|0|1|0|1|0|0|1|1|0|0|0|0|0|0|0|1|0|1|0|0|0|0|1|0|0|0|0|0|0|1|0|1|0|0|1|1|1|0|0|0|0|0|0|1|0|0|0|0|0|0|1|1|0|0|0|0|0|0|0|1|0|0|0|1|1|0|1|1|0|1|0|1|0|1|0|0|0|0|0|1|0|0|0|0|0|1|0|1|0|0|0|0|0|0|0|1|0|0|0|1|0|0|0|0|0|0|1|0|1|0|1|0|0|0|0|1|0|0|1|1|1|0|0|1|0|1|0|1|0|0|0|0|0|1|1|0|1|0|1|0|0|0|0|1|0|0|0|1|1|0
3,llama-3-8b,icl-in,0.5428571428571428,1.0,1.0,0.0,1.0,0.2,1.0,0.1,1.0,0.0,0.0,0.9,0.4,1.0,0.1,0.8,0.9,1.0,0.0,0.0,1.0,0.0,0.0,0.9,0.5,0.6,1.0,0.5,0.3,1|1|0|1|0|1|0|1|0|0|1|0|1|0|1|1|1|0|0|1|0|0|1|0|1|1|0|0|1|1|0|1|0|1|0|1|0|0|1|1|1|0|1|1|1|0|0|1|0|0|1|1|1|1|1|0|1|1|0|1|0|1|0|1|0|0|1|0|1|0|1|1|1|0|0|1|0|0|1|0|0|1|1|1|1|1|0|1|0|1|0|1|0|0|1|0|1|1|1|1|1|0|0|1|0|0|1|1|0|1|0|1|1|1|0|1|1|1|0|1|0|0|1|0|1|0|0|1|1|0|0|1|0|0|1|0|1|1|1|1|1|1|0|1|0|1|0|1|0|0|1|1|1|0|0|1|1|0|0|1|0|0|1|1|1|1|1|0|1|1|0|1|1|1|0|1|0|0|1|1|1|0|1|1|1|0|0|1|0|0|0|0|1|1|0|0|1|1|0|1|0|1|1|1|0|0|1|0|1|0|1|1|1|0|0|1|0|0|1|0|1|1|0|0|1|1|0|1|0|1|0|1|0|0|0|0|1|0|1|0|1|0|0|1|0|0|1|1|0|1|1|0|1|1|0|1|0|1|0|1|0|0|1|1|1|0|1|1|1|0|0|1|0|0|1|1|0|1|0|0
1,pythia-1.4b,zero-shot-cot,0.18214285714285713,0.5,0.0,0.0,0.6,0.0,0.0,0.0,0.0,0.0,0.0,0.2,0.0,0.2,0.0,0.9,0.0,0.7,0.0,0.0,0.9,0.0,0.0,0.0,0.1,0.0,0.9,0.1,0.0,0|0|0|1|0|0|0|0|0|0|1|0|0|0|1|0|1|0|0|1|0|0|0|0|0|1|0|0|0|0|0|0|0|0|0|0|0|0|0|0|1|0|1|0|1|0|0|1|0|0|0|0|0|1|0|0|0|0|0|0|0|0|0|0|0|0|0|0|0|0|1|0|0|0|0|1|0|0|0|0|0|0|1|0|0|0|0|1|0|0|0|0|0|0|1|0|0|0|1|0|0|0|0|1|0|0|0|0|0|1|0|0|1|0|0|0|0|0|0|0|0|0|0|0|0|0|1|0|1|0|0|1|0|0|0|0|0|1|0|0|1|0|0|1|0|0|0|0|0|0|0|0|0|0|1|0|1|0|0|1|0|0|0|0|0|1|0|0|1|0|0|1|0|0|0|0|0|0|0|0|0|0|1|0|0|0|0|1|0|0|0|1|0|1|0|0|1|0|0|1|0|0|0|0|0|0|0|0|0|0|1|0|1|0|0|1|0|0|0|0|0|1|0|0|0|0|0|1|0|0|0|0|0|0|0|0|0|0|1|0|1|0|0|0|0|0|0|0|0|1|0|0|1|0|0|0|0|0|0|0|0|0|0|0|1|0|0|0|1|0|0|1|0|0|0|0|0|1|0|0
1,llama-3-8b,zero-shot-cot,0.44642857142857145,1.0,1.0,0.0,0.2,0.0,0.9,0.0,0.8,0.0,0.0,0.6,0.7,1.0,0.0,1.0,0.0,0.9,0.0,0.0,1.0,0.0,0.0,1.0,0.9,0.4,0.7,0.4,0.0,1|1|0|0|0|1|0|1|0|0|1|1|1|0|1|0|1|0|0|1|0|0|1|1|1|0|0|0|1|1|0|0|0|1|0|1|0|0|0|1|1|0|1|0|0|0|0|1|0|0|1|1|0|1|0|0|1|1|0|1|0|1|0|0|0|0|0|0|1|0|1|0|1|0|0|1|0|0|1|1|0|1|0|0|1|1|0|0|0|1|0|0|0|0|0|0|1|0|1|0|1|0|0|1|0|0|1|1|0|1|1|0|1|1|0|0|0|1|0|1|0|0|1|1|1|0|1|0|1|0|0|1|0|0|1|1|0|1|1|0|1|1|0|0|0|0|0|1|0|0|1|1|1|0|1|0|1|0|0|1|0|0|1|1|1|0|0|0|1|1|0|1|0|1|0|1|0|0|0|1|1|0|1|0|1|0|0|1|0|0|1|0|1|1|1|0|1|1|0|0|0|1|0|1|0|0|1|0|1|0|1|0|1|0|0|1|0|0|1|1|0|0|1|0|1|1|0|0|0|1|0|1|0|0|1|1|1|0|1|0|1|0|0|1|0|0|1|1|0|1|0|0|1|1|0|0|0|1|0|1|0|0|1|1|1|0|1|0|1|0|0|1|0|0|1|1|1|1|0|0
